split,cohort,target_node_id,label,predicted_class,fraud_score,sampled_event_count,meaningful_event_ranking,selected_edge_count,edge_fidelity_passed,edge_sufficiency_error,edge_comprehensiveness,edge_sparsity,edge_top_matches_leave_one_out,edge_rank_spearman,feature_fidelity_passed,feature_sufficiency_error,feature_comprehensiveness,feature_rank_spearman,feature_top_5_jaccard,joint_fidelity_passed,total_graph_effect,total_feature_effect,edge_mask_gradient_ok,feature_mask_gradient_ok,gnnexplainer_feature_top_5,direct_ablation_feature_top_5,community_risk_gnn_rank,community_risk_direct_rank,community_risk_prior_logit_delta,community_risk_prior_score_delta,gnnexplainer_top_event_type,gnnexplainer_top_event_delta,gnnexplainer_top_is_most_recent,all_sampled_events_internal
validation,high_score_fraud,2961442,1,1,0.9685918755139261,3,True,3,True,0.0,0.06606794299989105,0.0,False,-0.5,True,0.02400711085539764,0.6680807439667567,0.2786211258697027,0.6666666666666666,True,0.06606794299989105,0.4846706821512216,True,True,F11|F17|F02|F05|community-risk,F11|F17|F05|community-risk|F15,5,4,0.26274776458740234,0.009056192648102979,6,15,False,True
validation,high_score_fraud,1263449,1,1,0.956849989846424,1,False,1,True,0.0,0.17603205591372584,0.0,True,,True,0.012974122792986709,0.5884859834343388,0.4424414927261227,1.0,True,0.17603205591372584,0.418559638543056,True,True,F02|F11|F17|F05|F15,F11|F17|F02|F05|F15,7,7,0.05093121528625488,0.0021524706931972393,1,0,True,True
validation,high_score_fraud,2707134,1,1,0.9514642104177583,3,True,3,True,0.0,0.13827393379673203,0.0,False,-1.0,True,0.006933975654474289,0.24176258119520677,0.6928251121076233,0.6666666666666666,True,0.13827393379673203,0.4131738591143903,True,True,F02|community-risk|F17|F11|F15,community-risk|F11|F17|F15|F05,2,1,0.7112326622009277,0.04557298451320746,3,0,True,True
validation,high_score_fraud,822922,1,1,0.9242161806428626,1,False,1,True,0.0,0.17986841332164616,0.0,True,,True,0.024128127808318967,0.19062347631736598,0.6146300448430493,0.6666666666666666,True,0.17986841332164616,0.3859258293394946,True,True,F02|F17|F01|F11|F15,F17|F11|F01|F15|F05,7,7,0.12486839294433594,0.009222402898745985,5,0,True,True
validation,high_score_fraud,1476049,1,1,0.9227097777935074,3,True,3,True,0.0,0.1279069658696672,0.0,False,-1.0,True,0.012523108222725843,0.3042319447741063,0.915358744394619,1.0,True,0.1279069658696672,0.3886984834603202,True,True,community-risk|F01|F17|F11|F05,community-risk|F11|F01|F17|F05,1,1,0.7112325429916382,0.06843690902275068,6,0,False,True
validation,high_score_fraud,1865366,1,1,0.9216361966947723,1,False,1,True,0.0,0.1982626743783905,0.0,True,,True,0.01330231652011793,0.20281502150395203,0.7040358744394618,0.6666666666666666,True,0.1982626743783905,0.38334584539140426,True,True,F02|F17|F01|F11|F05,F17|F11|F01|F05|F10,16,13,0.017435550689697266,0.0012685398242636703,4,0,True,True
validation,high_score_fraud,910419,1,1,0.9202847035659546,1,False,1,True,0.0,0.16114403571981628,0.0,True,,True,0.013179226321058501,0.21445066497261345,0.7984865470852018,0.6666666666666666,True,0.16114403571981628,0.3819943522625866,True,True,F02|F17|F01|F11|F05,F11|F17|F01|F05|F15,8,7,0.09961438179016113,0.007620531244893702,5,0,True,True
validation,high_score_fraud,1445319,1,1,0.9163361572686555,1,False,1,True,0.0,0.20617061024123806,0.0,True,,False,0.05353355950971839,0.20149017960483873,0.9116409537166903,1.0,False,0.20617061024123806,0.3780458059652875,True,True,F17|F01|community-risk|F05|F10,F17|F01|community-risk|F05|F10,3,3,0.253298282623291,0.02157935596338645,4,0,True,True
validation,high_score_fraud,2522099,1,1,0.9147186232687491,2,True,2,True,0.0,0.20290407889074713,0.0,True,1.0,True,0.01524365952719997,0.44273396039929164,0.44560404807084125,1.0,True,0.20290407889074713,0.37642827937226686,True,True,F17|F02|F11|F05|F15,F17|F11|F15|F05|F02,8,8,0.06462597846984863,0.005178359418054002,3,0,True,True
validation,high_score_fraud,1437987,1,1,0.911099366900636,1,False,1,True,0.0,0.15476880410349447,0.0,True,,True,0.01423034837028081,0.1950336567693508,0.7620515695067265,0.6666666666666666,True,0.15476880410349447,0.372809015597268,True,True,F02|F17|F01|F11|F05,F11|F17|F01|F05|F15,8,8,0.08430647850036621,0.007069425869464352,5,0,True,True
validation,high_score_normal,1942636,0,1,0.9999874613976246,3,True,1,True,1.2030382219307967e-06,9.100711515497295e-07,0.6666666666666667,True,1.0,True,1.2538602375378183e-05,0.999955434844683,0.3519924098671727,0.6666666666666666,True,1.2676234676933795e-05,0.4551647434319207,True,True,F11|F17|F09|F15|F05,F11|F15|F05|F17|F01,7,8,0.032433509826660156,4.1333229217066503e-07,5,0,True,True
validation,high_score_normal,333139,0,1,0.9990295016713949,3,True,1,False,0.0007402341135320789,0.0,0.6666666666666667,True,1.0,True,0.00027165418341656977,0.8923587888323398,0.09641255605381166,0.1111111111111111,True,-0.0006774162324032496,0.6907441069010402,True,True,F11|F06|F03|F04|F06-missing,F11|F15|F05|F17|F09,16,30,-0.12182474136352539,-0.00011121710095074455,6,-37,False,True
validation,high_score_normal,920517,0,1,0.9954258599954626,1,False,1,True,0.0,0.33197665882371374,0.0,True,,True,0.00010707817056021529,0.3472418630083174,0.5674444691949432,0.42857142857142855,True,0.33197665882371374,0.4571355086920946,True,True,F11|F17|F06|F01|F17-missing,F11|F17|F01|F05|community-risk,19,5,0.1406688690185547,0.000687258767538057,4,0,True,True
validation,high_score_normal,945475,0,1,0.9949698204074032,2,True,1,True,0.0013669722877445167,0.0002388163380760977,0.5,True,0.9999999999999999,True,0.0006427573465694891,0.8410465169262609,-0.1336883408071749,0.1111111111111111,True,-0.001995421751284976,0.646975213427498,True,True,F11|F03|F06|F04|F07,F11|F17|F15|F05|F08-missing,19,27,-0.07645988464355469,-0.00036854506874184345,4,-397,False,True
validation,high_score_normal,1333573,0,1,0.9899544288781194,1,False,1,True,0.0,0.3422646852758148,0.0,True,,True,8.742849359866245e-05,0.374561728576978,0.5014013452914798,0.6666666666666666,True,0.3422646852758148,0.45166407757475135,True,True,F11|F17|F01|F06|F15,F11|F17|F01|F15|F05,30,24,-0.021309375762939453,-0.0002097169348611594,5,0,True,True
validation,high_score_normal,1193243,0,1,0.9883454240334643,1,False,1,True,0.0,0.29685052370057874,0.0,True,,True,0.009964884759205872,0.5202093613581151,0.5350336322869956,0.6666666666666666,True,0.29685052370057874,0.45005507273009626,True,True,F11|F17|F02|F01|F15,F11|F17|F01|F05|F15,13,7,0.07237100601196289,0.0008637738615439039,5,0,True,True
validation,high_score_normal,759199,0,1,0.9833325924276823,1,False,1,True,0.0,0.27751616497972764,0.0,True,,True,0.014692773673565918,0.6149446628228641,0.39461883408071746,0.42857142857142855,True,0.27751616497972764,0.629819287658668,True,True,F11|F02|F01|F17|F06,F11|F01|F17|F15|F07,21,32,-0.06867074966430664,-0.0010889165635612486,4,-419,True,True
validation,high_score_normal,2948849,0,1,0.9782028770740253,1,False,1,True,0.0,0.07989973831049768,0.0,True,,True,0.01882967174752237,0.7448106933465466,0.23908918406072108,0.6666666666666666,True,0.07989973831049768,0.5529347556491822,True,True,F11|F17|F02|F05|community-risk,F11|F17|community-risk|F05|F15,5,3,0.26274776458740234,0.006365540309890116,10,-273,True,True
validation,high_score_normal,2795031,0,1,0.9769022753625459,1,False,1,True,0.0,0.09571429581728097,0.0,True,,True,0.02132693279585296,0.8702877345720952,0.2976827094474153,0.6666666666666666,True,0.09571429581728097,0.523191278462064,True,True,F11|F17|F02|F05|community-risk,F11|F17|community-risk|F05|F15,5,3,0.26274776458740234,0.0067337794270784235,10,-214,True,True
validation,high_score_normal,131031,0,1,0.9768028702872041,1,False,1,True,0.0,0.2172167363433296,0.0,True,,True,0.013398815926268126,0.39960142155938294,0.782230941704036,1.0,True,0.2172167363433296,0.43851251898383614,True,True,F11|F02|F17|F01|F15,F11|F17|F01|F15|F02,8,8,0.10205221176147461,0.002428462158972744,5,0,True,True
validation,low_score_fraud,2636796,1,0,0.009813944913441366,1,False,1,True,0.0,0.0020168897541987807,0.0,True,,True,0.00901543070350419,0.5107019058050779,0.5622197309417041,0.6666666666666666,True,0.0020168897541987807,0.39966157793582424,True,True,F03|F07|F09|F10|F13,F03|F07|F10|F09|F02,25,27,0.017435550689697266,0.0001679922259975094,9,-305,True,True
validation,low_score_fraud,675905,1,0,0.020882426771088012,5,True,1,True,0.0003762519394365782,0.00013143258040915207,0.8,False,0.0,True,0.016555756837100644,0.6080795427601622,0.27158071748878926,0.6666666666666666,True,-0.005434147903429665,0.49508401023684634,True,True,F03|F07|F08|F10|F04,F03|F07|F08|F10|F02,6,6,-0.14730024337768555,-0.0032341545364137983,5,0,False,True
validation,low_score_fraud,2122757,1,0,0.02865973042470185,3,True,1,True,0.0012108881718848608,0.04107407883240588,0.6666666666666667,True,1.0,True,0.0269532957171561,0.48822002535754716,0.6523809523809524,1.0,True,0.03391259959863846,0.3006167953119243,True,True,F03|F07|F12|F08|F10,F03|F07|F12|F08|F10,6,6,-0.13529014587402344,-0.004016236575442103,3,-707,True,True
validation,low_score_fraud,740442,1,0,0.03263094682410137,2,True,1,True,0.013260257774236117,0.03620232538933321,0.5,True,0.9999999999999999,True,0.03215266619782142,0.7569061600242575,0.39293721973094176,1.0,True,0.022566002018287734,0.29277507734866004,True,True,F07|F03|F08|F06|F10,F03|F07|F08|F06|F10,20,29,0.08853435516357422,0.002681963842059116,6,-606,True,True
validation,low_score_fraud,2287558,1,0,0.03637486867393743,8,True,1,True,0.027921714535616315,0.000885867483883862,0.875,False,0.7831325301204818,True,0.02527313863229841,0.2768474606609427,0.8144618834080718,1.0,True,0.06679164482485833,0.3101806140953822,True,True,F03|F07|F10|F12|F08,F03|F07|F10|F12|F08,7,7,-0.10598087310791016,-0.003902933494409365,5,-220,False,True
validation,low_score_fraud,1564995,1,0,0.051528328231145816,1,False,1,False,0.0,-0.014587849218782756,0.0,True,,True,0.03301978578635767,0.5623268347076376,0.2495356037151703,0.42857142857142855,True,-0.014587849218782756,0.4312151643089628,True,True,F03|F07|F10|F04|F14,F03|F07|F10|F02|F12,17,27,0.008263587951660156,0.0004023741705828851,9,-150,True,True
validation,low_score_fraud,52719,1,0,0.057132294754378865,3,True,1,True,0.008049956732010588,0.0908618047882418,0.6666666666666667,True,1.0,False,0.05527057012723735,0.47448146584635753,0.26806722689075635,1.0,False,0.03244986080090073,0.2943476840942998,True,True,F07|F03|F08|F12|F10,F03|F07|F08|F12|F10,24,28,0.037629127502441406,0.0019935559147288423,4,-628,False,True
validation,low_score_fraud,2805025,1,0,0.07388245167319989,7,True,2,True,0.011482124986107012,0.08288558410671831,0.7142857142857143,False,0.3571428571428572,False,0.0514569429677747,0.33627649494390177,0.6064425770308124,0.6666666666666666,False,0.05630284191769175,0.2853119665635099,True,True,F03|F07|F12|F10|F08,F03|F07|F12|F10|F02,10,12,-0.015401840209960938,-0.001060793988588396,5,-643,True,True
validation,low_score_fraud,2165937,1,0,0.07507944075137418,4,True,1,True,0.006465805229299182,0.01083737512781957,0.75,True,1.0,False,0.06378690630083039,0.5274551228583074,0.1743273542600897,0.6666666666666666,False,-0.003660193181035054,0.3996513410625382,True,True,F03|F07|F10|F04|community-risk,F03|F07|F10|community-risk|F16-missing,5,4,-0.09733104705810547,-0.007044707233188036,6,-349,False,True
validation,low_score_fraud,1069626,1,0,0.08541636964002877,1,False,1,True,0.0,0.09766189635337286,0.0,True,,True,0.04164484793801726,0.25438755417531944,0.7306122448979593,0.6666666666666666,True,0.09766189635337286,0.18152069895597656,True,True,F03|F12|F10|F07|F13,F03|F12|F02|F10|F07,27,31,0.0421600341796875,0.003236509420271677,6,-626,True,True
validation,low_score_normal_control,2085609,0,0,0.15020711974936315,3,True,1,True,0.004872757652586768,0.05908195726083976,0.6666666666666667,True,1.0,False,0.07675558683515527,0.3980139420517834,0.7857142857142858,1.0,False,0.01368148493242527,0.3174290271751302,True,True,F07|F03|F08|F12|F10,F03|F08|F12|F07|F10,26,30,0.03243374824523926,0.004093207243136526,4,-338,False,True
validation,low_score_normal_control,1089423,0,0,0.12150047084928754,3,True,1,True,0.017666106100192036,0.030745989961380005,0.6666666666666667,True,1.0,False,0.09711637117980965,0.5648732613758374,0.62296918767507,1.0,False,-0.017317031889975354,0.3365509794681012,True,True,F03|F07|F12|F10|F06,F03|F07|F12|F10|F06,12,13,-0.014068365097045898,-0.0015096444117974478,4,-308,True,True
validation,low_score_normal_control,490544,0,0,0.19838267548320293,1,False,1,False,0.0,-0.041923415853260426,0.0,True,,False,0.1519994078164818,0.5114160180248843,0.7166479820627802,0.6666666666666666,False,-0.041923415853260426,0.339907675820165,True,True,F03|F12|F07|F10|F13,F03|F12|F07|F02|F10,23,31,0.14066922664642334,0.02142582364607437,4,0,True,True
validation,low_score_normal_control,497319,0,0,0.2151834592056273,2,True,1,True,0.015015865678831508,0.09314455524548193,0.5,True,0.9999999999999999,False,0.12557617785696873,0.28792523872708287,0.6450980392156863,0.6666666666666666,False,0.05308231433435273,0.15828763321196104,True,True,F12|F03|F10|F07|F13,F03|F12|F10|F07|F02,6,7,-0.07645964622497559,-0.013193354220314119,4,-490,True,True
validation,low_score_normal_control,1630536,0,0,0.02132269768984523,1,False,1,True,0.0,0.0013236041471373916,0.0,True,,True,0.018932101892329523,0.6097666178471849,0.506079027355623,1.0,True,0.0013236041471373916,0.5169676536135228,True,True,F03|F07|F12|F10|F17-missing,F03|F07|F12|F10|F17-missing,11,10,-0.02130889892578125,-0.00044924025112449625,5,0,True,True
validation,low_score_normal_control,1263965,0,0,0.06737498401895603,1,False,1,False,0.0,-0.006597240983041042,0.0,True,,False,0.0657626336831959,0.548998140285166,0.3069740297636417,1.0,False,-0.006597240983041042,0.45084398520617486,True,True,F03|F07|F10|F17-missing|F16-missing,F03|F07|F10|F17-missing|F16-missing,11,6,-0.08163642883300781,-0.005314416822566934,6,-61,True,True
validation,low_score_normal_control,2723736,0,0,0.2004980145547645,1,False,1,True,0.0,0.038940935856100034,0.0,True,,False,0.0660750043062871,0.3320236043684003,0.8278637770897834,1.0,False,0.038940935856100034,0.3155464468559783,True,True,F03|F07|F10|F12|F17-missing,F03|F07|F10|F17-missing|F12,8,11,-0.026761889457702637,-0.004324294531587031,1,-67,True,True
validation,low_score_normal_control,2661325,0,0,0.15200347444432608,1,False,1,True,0.0,0.019654501384913314,0.0,True,,False,0.13180400924693247,0.5043324049984265,0.4624649859943978,0.6666666666666666,False,0.019654501384913314,0.22234849122840206,True,True,F07|F03|F09|F10|F08,F07|F03|F10|F08|F02,17,31,0.2627476453781128,0.03086795587441976,5,-376,True,True
validation,low_score_normal_control,1718900,0,0,0.006626811883863048,1,False,1,True,0.0,0.00044682953526720137,0.0,True,,True,0.0052971898507478965,0.23140719293992829,0.31562302340290954,0.25,True,0.00044682953526720137,0.24632423486871802,True,True,F03|F07|F11|F13|F14,F03|F07|F06|F08|F12,16,30,0.26274776458740234,0.001523404382609581,4,-669,True,True
validation,low_score_normal_control,2300608,0,0,0.19766268877443866,1,False,1,False,0.0,-0.051913013452420165,0.0,True,,False,0.17139185853459593,0.6177426931933868,0.2542694497153701,0.6666666666666666,False,-0.051913013452420165,0.3406276625289294,True,True,F07|F03|F12|F10|F06,F03|F07|F06|F02|F12,16,29,0.10205209255218506,0.015687038284353555,1,0,True,True
test,high_score_fraud,2767067,1,1,0.9705528867949819,1,False,1,True,0.0,0.1192478657296353,0.0,True,,True,0.025272668608344206,0.7558268760214568,0.3981657179000633,0.6666666666666666,True,0.1192478657296353,0.514493044261128,True,True,F11|F02|F17|F05|community-risk,F11|F17|community-risk|F05|F15,5,3,0.26274776458740234,0.00851291626145012,10,-209,True,True
test,high_score_fraud,2789400,1,1,0.9650746689523217,2,True,2,True,0.0,0.08344513488974448,0.0,False,-0.9999999999999999,True,0.0012350231674345125,0.3743606131399517,0.4395136778115501,0.6666666666666666,True,0.08344513488974448,0.43039776588026646,True,True,community-risk|F02|F17|F11|F05,F11|F17|community-risk|F15|F05,1,3,0.7112326622009277,0.03371530817418633,9,0,True,True
test,high_score_fraud,2806440,1,1,0.9627528259565873,1,False,1,True,0.0,0.1426555740711628,0.0,True,,True,0.03366385584005571,0.7794554645443367,0.30202403542061984,1.0,True,0.1426555740711628,0.5104566737169818,True,True,F11|F17|F05|community-risk|F15,F11|F17|F05|community-risk|F15,4,4,0.26274776458740234,0.010656552108154527,10,-217,True,True
test,high_score_fraud,370356,1,1,0.9486307489042614,1,False,1,True,0.0,0.16496649981529143,0.0,True,,True,0.02986565802852248,0.18805083473976725,0.8043721973094171,0.6666666666666666,True,0.16496649981529143,0.41034039760089336,True,True,F02|community-risk|F17|F01|F11,F11|community-risk|F17|F01|F15,2,2,0.44786500930786133,0.026754645438999414,3,0,True,True
test,high_score_fraud,430401,1,1,0.9321208510461672,1,False,1,True,0.0,0.1665664777045046,0.0,True,,True,0.029034987138265467,0.1677581122318227,0.8144618834080718,0.6666666666666666,True,0.1665664777045046,0.39383049974279916,True,True,F02|F17|F01|F11|F05,F17|F01|F11|F05|F15,7,6,0.13501691818237305,0.009057419891414398,3,0,True,True
test,high_score_fraud,1203925,1,1,0.9297725634148744,1,False,1,True,0.0,0.2101051318374778,0.0,True,,True,0.0026124334738861776,0.43810311922060446,0.3738454059309675,0.6666666666666666,True,0.2101051318374778,0.39148221211150636,True,True,F17|F15|F05|F11|community-risk,F17|F15|F05|F11|F01,5,6,0.2681756019592285,0.019658754518068533,1,0,True,True
test,high_score_fraud,2881250,1,1,0.921970714920642,4,True,3,True,0.029375760408102303,0.05652489621500578,0.25,False,0.3333333333333334,False,0.067547476430878,0.8187923550048477,0.7365470852017938,1.0,False,0.04541513147118603,0.4494933887013461,True,True,F11|F17|community-risk|F05|F15,F11|F17|community-risk|F05|F15,3,3,0.26274776458740234,0.021122806543323658,1,0,False,True
test,high_score_fraud,2415577,1,1,0.9188123229135814,3,True,3,True,0.0,0.1393825621520094,0.0,False,-1.0,True,0.01793319930381232,0.1512353576845269,0.6014573991031391,0.6666666666666666,True,0.1393825621520094,0.3805219716102134,True,True,F02|community-risk|F17|F01|F05,community-risk|F17|F01|F11|F05,2,1,0.4230623245239258,0.037673800816525604,4,0,True,True
test,high_score_fraud,1177911,1,1,0.9150722611555095,1,False,1,True,0.0,0.23025040926255058,0.0,True,,True,0.020666347920037187,0.1997866010123892,0.6704035874439462,0.6666666666666666,True,0.23025040926255058,0.37678190985214155,True,True,F02|F17|F01|F11|F15,F11|F17|F01|F15|F05,11,7,0.041274309158325195,0.0032630728332236902,6,0,True,True
test,high_score_fraud,1022243,1,1,0.9148032463050811,1,False,1,True,0.0,0.20530501696815773,0.0,True,,True,0.02604553711242996,0.17077880389476374,0.6286434977578476,0.6666666666666666,True,0.20530501696815773,0.37651289500171314,True,True,F17|F02|F01|F11|F05,F17|F01|F11|F05|F15,31,33,-0.050873517990112305,-0.003882231754728349,6,0,True,True
test,high_score_normal,2201167,0,1,0.9999999987956099,7,True,1,True,2.214368688413515e-10,3.26183524634871e-13,0.8571428571428572,True,0.0,True,1.204390143172418e-09,0.9972892860638897,0.7561659192825113,1.0,True,-1.5377210615952208e-10,0.47539405540724433,False,True,F11|F17|F15|F15-missing|F05,F11|F17|F15|F15-missing|F05,24,27,-0.04192543029785156,-4.945066578443402e-11,5,0,True,True
test,high_score_normal,1810312,0,1,0.9999999997513178,1,False,1,True,0.0,1.2682921379791878e-10,0.0,True,,True,2.486786332411839e-10,0.9592935672571663,0.8209080717488789,0.6666666666666666,True,1.2682921379791878e-10,0.48916022267353554,False,True,F11|F17|F15|F05|F09,F11|F17|F15|F05|F15-missing,10,11,0.008779525756835938,2.192912518239609e-12,5,-81,True,True
test,high_score_normal,3504493,0,1,0.9999999999813707,1,False,1,True,0.0,0.6496675361271959,0.0,True,,True,1.8629320308605202e-11,0.9999995028058825,0.42258788332086766,1.0,True,0.6496675361271959,0.6964634531359923,True,True,F11|F01|F17|F05|F15-missing,F11|F17|F05|F01|F15-missing,11,26,-0.04192543029785156,-7.649436639667329e-13,5,-530,True,True
test,high_score_normal,1465676,0,1,0.9998043853668619,1,False,1,True,0.0,0.0011141463199392243,0.0,True,,True,0.0001842750792770964,0.7700717638534056,0.3064516129032258,0.1111111111111111,True,0.0011141463199392243,0.5589623209903057,True,True,F11|F16|community-risk|F09|F10,F11|F17|F15|F05|F01,3,8,0.02265167236328125,4.480667681994177e-06,5,-241,True,True
test,high_score_normal,2344650,0,1,0.9994597971611825,3,True,1,True,0.0002513164223875153,0.0001169718186649904,0.6666666666666667,False,0.5,True,0.0006706318023361746,0.8337663813693498,0.10986547085201794,0.1111111111111111,True,0.00026727692338379683,0.578847459985107,True,True,F11|F06|F03|F04|F15-missing,F11|F17|F15|F05|F10,22,22,-0.028809547424316406,-1.533290325306247e-05,5,-161,False,True
test,high_score_normal,3037508,0,1,0.9986214287255575,1,False,1,True,0.0,0.053044949226646376,0.0,True,,True,0.0005762319535205229,0.8815843329159507,0.19848024316109422,0.42857142857142855,True,0.053044949226646376,0.5965844862947678,True,True,F11|F06|F02|F17|F16,F11|F17|F02|F15|F05,18,27,-0.02460956573486328,-3.34669141890398e-05,2,-320,True,True
test,high_score_normal,1838263,0,1,0.9966115953764162,1,False,1,True,0.0,0.2695126239564465,0.0,True,,True,0.0002571562004163308,0.2555342408981074,0.42393665579518475,0.42857142857142855,True,0.2695126239564465,0.4583212440730482,True,True,F11|F17|F02|F06|F01,F11|F17|F01|F05|community-risk,19,5,0.1406688690185547,0.0005098011988907691,5,0,True,True
test,high_score_normal,1662253,0,1,0.9954448226068403,4,True,1,True,0.002904648879977656,0.0005458192838661002,0.75,True,0.7999999999999999,True,0.002415678182102754,0.581818641562835,0.11176470588235295,0.1111111111111111,True,-0.0013447582700850669,0.6156733249287432,True,True,F11|F06|F03|F04|F07,F11|F15|F01|F09|F05,16,7,0.023647785186767578,0.0001084952667190775,4,36,False,True
test,high_score_normal,1039884,0,1,0.9902093353551634,6,True,1,True,0.007351109104495657,1.849310693913253e-06,0.8333333333333334,False,0.3142857142857143,True,0.0014080830977213354,0.8680337894947637,-0.211042600896861,0.25,True,-0.003599091814684763,0.5533433895956493,True,True,F11|F06|F03|F04|F17,F11|F17|F15|F05|F09,11,6,0.050771236419677734,0.0005046694445201005,5,-126,True,True
test,high_score_normal,393775,0,1,0.985569824069592,3,True,2,True,0.007206442213764985,0.0011600343279095648,0.33333333333333337,False,0.5,True,0.0016461337794109188,0.4031970329075244,0.13004484304932734,0.1111111111111111,True,0.002662374332956685,0.4760956450574795,True,True,F11|F03|F06|F09|F08-missing,F11|F15|F05|F17|community-risk,15,5,0.11183023452758789,0.001679914872849353,6,0,True,True
test,low_score_fraud,841612,1,0,0.0009866547759750438,1,False,1,True,0.0,0.0009647504307561672,0.0,True,,True,0.00025926181709623464,0.2503780635325281,0.17058823529411765,0.25,True,0.0009647504307561672,0.25795204867539123,True,True,F03|F07|F04|F06|F11,F03|F07|F08|F10|F09,13,6,-0.11437797546386719,-0.0001194264616306707,5,-650,True,True
test,low_score_fraud,2495407,1,0,0.0027878402060175543,2,True,1,True,0.0007473403808291312,0.000542870220048397,0.5,False,-0.9999999999999999,True,0.001551671962378376,0.5361125512345285,0.3982623318385651,0.42857142857142855,True,0.00016964774276184702,0.5259365954430552,True,True,F03|F07|F04|F11|F10,F03|F07|F10|F17-missing|F16-missing,16,7,-0.06103372573852539,-0.00017493223489443294,6,280,True,True
test,low_score_fraud,3015378,1,0,0.03572770261030582,2,True,1,True,2.058631890056173e-05,2.0696368209893734e-05,0.5,True,0.9999999999999999,True,0.030047990044241857,0.8367452125993515,0.2838905775075987,1.0,True,-0.018186889008427243,0.5024136557678129,True,True,F03|F12|F06|F13|F07,F03|F12|F06|F13|F07,8,10,-0.005235195159912109,-0.00018079795949235006,6,-1,True,True
test,low_score_fraud,2874025,1,0,0.04660438347184318,3,True,1,True,0.013089474816812663,0.0031164201356944643,0.6666666666666667,False,0.5,True,0.046541849618095044,0.789172798883394,0.2049306625577812,0.6666666666666666,True,-0.006693315448888848,0.449369823278955,True,True,F03|F07|F09|F10|F06,F03|F07|F10|F09|F08,22,7,-0.028209209442138672,-0.0012695566540961364,5,0,False,True
test,low_score_fraud,2883731,1,0,0.061867267370652616,3,True,1,True,0.007725264670683463,0.0009758104986157257,0.6666666666666667,False,-1.0,False,0.057028107715182186,0.6841848276305451,0.11416824794433901,0.6666666666666666,False,-0.004812290732193025,0.443060672047596,True,True,F03|F07|F08|F10|F04,F03|F07|F10|F08|F12,15,6,-0.07872152328491211,-0.004729660251869293,4,0,False,True
test,low_score_fraud,2687475,1,0,0.06837438580488822,5,True,4,True,0.0014948833194404765,0.03801180593728182,0.19999999999999996,False,-0.8999999999999998,False,0.0664355128230043,0.5936975570990836,0.3713565022421525,0.6666666666666666,False,-0.018776698641649325,0.4619738377125443,True,True,F03|F07|F08|F09|F10,F03|F07|F08|F02|F10,25,16,-0.011732816696166992,-0.0007511679888330541,5,0,True,True
test,low_score_fraud,2130310,1,0,0.07451087927922333,3,True,1,True,0.006094078896319521,0.10477055509516497,0.6666666666666667,True,0.5,False,0.059587771698543235,0.4244996877029865,0.7200784386311785,1.0,False,0.033411568404314695,0.3138333659507737,True,True,F07|F03|F10|F08|community-risk,F03|F07|F10|community-risk|F08,5,4,-0.15255069732666016,-0.011226690661105862,6,-549,False,True
test,low_score_fraud,209710,1,0,0.07657312027149192,2,True,1,True,0.003317533777208559,0.16521639899328466,0.5,True,0.9999999999999999,False,0.05417713418942627,0.4533290973456654,0.6855381165919282,0.6666666666666666,False,0.07357256574672111,0.2430008412764999,True,True,F03|F07|F10|F12|F04,F03|F07|F10|F12|F08,13,12,-0.02358841896057129,-0.0016846778972906817,4,-637,True,True
test,low_score_fraud,3171909,1,0,0.09125151214871922,2,True,2,True,0.0,0.003729604774514783,0.0,True,1.0,True,0.047672263663338876,0.4519325989210955,0.8141816143497758,1.0,True,0.003729604774514783,0.3418395829940246,True,True,F03|F12|F07|F08|F10,F03|F12|F07|F08|F10,6,7,-0.09186029434204102,-0.007908885135784152,1,-257,True,True
test,low_score_fraud,2278369,1,0,0.09287292785785148,2,True,1,True,0.00397353067161077,0.06954372331319092,0.5,True,0.9999999999999999,False,0.08405760757786307,0.6074923377316276,0.3286127167630058,1.0,False,0.023484864857994836,0.2728406338778049,True,True,F03|F12|F07|F10|F06,F03|F12|F07|F06|F10,18,30,0.10205221176147461,0.008247809787889637,5,-520,True,True
test,low_score_normal_control,1785229,0,0,0.07859780525739316,7,True,2,True,0.013972325584067025,0.001452359103106482,0.7142857142857143,False,0.1785714285714286,False,0.052344022179917515,0.3557412143164883,0.8162464985994399,1.0,True,0.08255289674602861,0.2497088231943877,True,True,F03|F12|F10|F07|F08,F03|F12|F10|F07|F08,9,9,-0.04192519187927246,-0.00309037653674607,4,-380,False,True
test,low_score_normal_control,198081,0,0,0.0501874097712485,1,False,1,True,0.0,0.007805941399103289,0.0,True,,True,0.04645730941141002,0.5226074923747475,0.47689969604863214,1.0,True,0.007805941399103289,0.4753680169725846,True,True,F03|F07|F10|F08|F12,F03|F07|F10|F08|F12,12,11,-0.02115464210510254,-0.0010180624179458309,9,-40,True,True
test,low_score_normal_control,2171103,0,0,0.09572036977553838,1,False,1,False,0.0,-0.030876230769055657,0.0,True,,False,0.08680558255831694,0.7570220339043411,0.3962681846932321,1.0,False,-0.030876230769055657,0.39132560781204373,True,True,F07|F03|F08|F06|F02,F03|F07|F08|F02|F06,10,8,-0.04192519187927246,-0.0036909795799979633,5,-140,True,True
test,low_score_normal_control,1339329,0,0,0.1965532785605353,1,False,1,False,0.0,-0.08087475290000778,0.0,True,,False,0.14787463087507868,0.5809119751662202,0.47237076648841353,0.6666666666666666,False,-0.08087475290000778,0.37243147376949604,True,True,F07|F03|F08|F10|F06,F03|F07|F08|F02|F10,8,8,-0.024660348892211914,-0.003923525758770557,6,142,True,True
test,low_score_normal_control,25290,0,0,0.2110568197246943,3,True,1,True,0.029387186244867136,0.18917239439249167,0.6666666666666667,True,0.5,False,0.1776839658577617,0.25518018558401745,0.6451793721973095,0.6666666666666666,False,0.09874979598482092,0.1239761560628051,True,True,F03|F07|F10|community-risk|F12,F03|F07|F10|F02|community-risk,4,5,-0.07753598690032959,-0.013199768442166943,5,-695,True,True
test,low_score_normal_control,3035924,0,0,0.08381364439057142,1,False,1,True,0.0,0.030446425019877155,0.0,True,,False,0.07535558961308597,0.5769621819135716,0.4542213579646735,1.0,False,0.030446425019877155,0.3187194589921537,True,True,F03|F07|F12|F06|F10,F03|F07|F12|F10|F06,9,8,-0.02460956573486328,-0.0019091998969776314,4,-319,True,True
test,low_score_normal_control,2384201,0,0,0.01897456584523998,1,False,1,True,0.0,0.014789426328158384,0.0,True,,True,0.014999187593741081,0.47474115193071453,0.29756838905775074,1.0,True,0.014789426328158384,0.38157381271201374,True,True,F03|F07|F12|F10|F16-missing,F03|F07|F12|F10|F16-missing,15,31,0.1406688690185547,0.0024487529043161448,4,-323,True,True
test,low_score_normal_control,589365,0,0,0.22405779117488472,4,True,4,True,0.0,0.13232112137239715,0.0,False,-1.0,False,0.14938375072499088,0.2920367534074684,0.8201680672268907,1.0,False,0.13232112137239715,0.14612811996643793,True,True,F03|F12|F10|F07|F17-missing,F03|F12|F10|F07|F17-missing,29,29,0.023647665977478027,0.004084443270323729,4,-379,False,True
test,low_score_normal_control,3260402,0,0,0.10186004884084014,6,True,5,True,0.004348087661842248,0.09149156415325654,0.16666666666666663,False,0.05882352941176471,False,0.07205718801852379,0.30104319485169806,0.7952937900307004,0.6666666666666666,False,0.10209518517749239,0.18694321350219423,True,True,F07|F03|F10|F12|F17-missing,F03|F07|F10|F12|F02,18,23,-0.002787351608276367,-0.0002552828255937417,4,-460,False,True
test,low_score_normal_control,1770764,0,0,0.09807907038531964,3,True,2,True,0.0039974224794874225,0.012856191479498569,0.33333333333333337,False,-1.0,False,0.0866088516356679,0.32416024606482086,0.6260504201680672,1.0,False,0.07983712170761081,0.21676626197399562,True,True,F03|F07|F10|F12|F08,F03|F07|F10|F12|F08,23,30,0.11183047294616699,0.009457533016396805,3,-168,False,True
